particle,sim_iter,error,IMpkill
0,0,3.1294385288221065,0.3340899791891011
1,0,3.7212257158424387,0.05917564143879045
