particle,sim_iter,error,IMpkill
0,0,2.8263135978632654,0.7749538204776267
1,0,3.247631383621275,0.03661722067947613
